DATE,PRODUCT_CATEGORY,PRICE,DISCOUNT,CUSTOMER_SEGMENT,MARKETING_SPEND,UNITS_SOLD
2023-01-01,Sports,932.80,35.82,Occasional,6780.38,32
2023-01-02,Toys,569.48,3.60,Premium,6807.56,16
2023-01-03,Home Decor,699.68,3.56,Premium,3793.91,27
2023-01-04,Toys,923.27,0.61,Premium,9422.75,29
2023-01-05,Toys,710.17,47.83,Premium,1756.83,17
2023-01-06,Fashion,161.01,36.88,Premium,5053.56,27
2023-01-07,Home Decor,580.53,17.66,Occasional,6939.75,30
2023-01-08,Home Decor,610.65,14.83,Regular,7001.64,27
2023-01-09,Home Decor,429.89,17.49,Occasional,6521.53,32
2023-01-10,Toys,739.08,38.73,Regular,2825.35,28
2023-01-11,Sports,935.02,33.07,Premium,1646.45,26
2023-01-12,Home Decor,926.31,9.26,Regular,6395.81,26
2023-01-13,Toys,456.33,8.71,Occasional,6033.09,37
2023-01-14,Fashion,122.11,4.92,Occasional,1875.62,28
2023-01-15,Sports,984.99,33.02,Regular,7080.88,27
2023-01-16,Fashion,840.51,38.22,Premium,4606.20,32
2023-01-17,Sports,133.42,13.25,Premium,6710.83,20
2023-01-18,Toys,921.63,1.05,Occasional,8389.93,35
2023-01-19,Electronics,871.20,4.11,Regular,1780.31,23
2023-01-20,Sports,523.65,48.39,Premium,289.53,17
2023-01-21,Fashion,595.36,14.77,Premium,7813.12,23
2023-01-22,Toys,405.01,38.46,Occasional,6136.00,24
2023-01-23,Sports,64.21,31.23,Premium,7026.43,35
2023-01-24,Electronics,341.85,19.10,Regular,8397.73,32
2023-01-25,Electronics,804.82,10.28,Occasional,8047.83,34
2023-01-26,Home Decor,14.59,6.07,Occasional,9613.11,29
2023-01-27,Home Decor,340.16,30.75,Regular,5405.76,25
2023-01-28,Fashion,404.19,38.73,Occasional,4936.11,29
2023-01-29,Sports,542.02,32.20,Premium,4078.68,29
2023-01-30,Sports,920.66,26.52,Premium,1621.54,25
2023-01-31,Home Decor,352.88,2.10,Regular,5768.81,37
2023-02-01,Sports,353.48,48.42,Premium,2842.42,19
2023-02-02,Sports,740.13,39.94,Regular,9220.94,26
2023-02-03,Electronics,457.70,14.64,Regular,5873.59,30
2023-02-04,Home Decor,232.36,49.00,Premium,5969.12,34
2023-02-05,Toys,457.92,30.09,Regular,3613.75,32
2023-02-06,Home Decor,149.45,29.12,Premium,614.69,30
2023-02-07,Toys,184.62,37.40,Occasional,414.26,35
2023-02-08,Electronics,503.38,40.59,Occasional,4291.02,26
2023-02-09,Fashion,424.74,32.82,Regular,937.20,34
2023-02-10,Sports,915.70,6.40,Premium,6107.78,38
2023-02-11,Electronics,368.77,16.91,Premium,8821.63,43
2023-02-12,Sports,584.78,46.40,Occasional,8840.86,24
2023-02-13,Fashion,635.94,11.23,Occasional,6624.55,31
2023-02-14,Fashion,22.96,18.61,Premium,2191.20,18
2023-02-15,Electronics,666.90,21.60,Regular,8643.67,34
2023-02-16,Fashion,186.26,21.97,Occasional,8872.33,16
2023-02-17,Toys,961.46,30.65,Regular,2046.87,36
2023-02-18,Fashion,157.18,47.15,Regular,7400.52,33
2023-02-19,Sports,420.48,12.03,Occasional,2936.54,41
2023-02-20,Sports,94.50,6.08,Regular,8046.14,31
2023-02-21,Sports,996.91,9.87,Regular,9972.66,25
2023-02-22,Sports,507.17,44.35,Premium,397.26,36
2023-02-23,Toys,599.43,32.29,Regular,8983.92,49
2023-02-24,Home Decor,76.41,14.30,Premium,6264.04,23
2023-02-25,Electronics,752.46,40.80,Occasional,9736.49,32
2023-02-26,Sports,217.81,43.07,Occasional,4703.59,23
2023-02-27,Fashion,899.07,42.33,Premium,8489.14,28
2023-02-28,Sports,213.09,45.95,Occasional,717.70,34
2023-03-01,Fashion,198.78,12.61,Regular,3419.26,24
2023-03-02,Fashion,46.18,37.75,Regular,763.46,13
2023-03-03,Sports,477.35,23.03,Regular,9755.90,22
2023-03-04,Toys,569.19,42.10,Occasional,8188.04,41
2023-03-05,Fashion,75.05,36.42,Regular,8540.22,18
2023-03-06,Fashion,777.77,38.82,Occasional,9385.86,24
2023-03-07,Sports,458.76,32.81,Regular,942.52,27
2023-03-08,Fashion,529.15,8.87,Premium,3917.42,27
2023-03-09,Fashion,446.36,27.25,Occasional,803.25,39
2023-03-10,Sports,406.76,49.23,Occasional,2186.85,37
2023-03-11,Sports,564.04,46.87,Regular,2370.72,33
2023-03-12,Electronics,163.69,2.16,Occasional,4744.16,24
2023-03-13,Toys,190.11,8.24,Occasional,2758.77,34
2023-03-14,Toys,863.17,6.59,Premium,1099.68,34
2023-03-15,Fashion,946.65,36.30,Premium,1758.16,31
2023-03-16,Toys,379.58,40.89,Regular,1558.03,35
2023-03-17,Fashion,278.04,10.68,Premium,9733.46,33
2023-03-18,Electronics,647.56,25.29,Regular,7617.00,24
2023-03-19,Sports,414.65,42.04,Regular,9680.84,23
2023-03-20,Sports,35.13,36.64,Regular,4453.43,40
2023-03-21,Sports,164.59,27.11,Occasional,2855.85,15
2023-03-22,Toys,718.81,29.52,Premium,8003.10,31
2023-03-23,Electronics,662.33,25.42,Regular,3329.91,32
2023-03-24,Toys,36.83,14.88,Premium,3063.90,39
2023-03-25,Toys,229.75,28.25,Regular,2401.81,27
2023-03-26,Electronics,238.76,34.44,Premium,1383.82,34
2023-03-27,Electronics,675.17,43.67,Premium,2638.98,34
2023-03-28,Electronics,29.51,31.81,Regular,3617.67,33
2023-03-29,Electronics,113.07,38.06,Occasional,6772.54,34
2023-03-30,Sports,801.92,8.00,Premium,719.39,33
2023-03-31,Home Decor,186.76,23.08,Occasional,2184.02,25
2023-04-01,Home Decor,656.22,0.47,Occasional,8109.33,31
2023-04-02,Electronics,245.80,12.33,Regular,1554.53,22
2023-04-03,Home Decor,108.45,36.32,Regular,3492.19,35
2023-04-04,Home Decor,250.74,49.59,Regular,8660.12,29
2023-04-05,Electronics,725.04,4.96,Premium,1633.76,34
2023-04-06,Home Decor,857.14,20.07,Regular,919.09,31
2023-04-07,Toys,831.92,40.00,Regular,4896.93,27
2023-04-08,Fashion,403.21,10.20,Premium,3093.95,31
2023-04-09,Fashion,671.40,27.75,Premium,5677.74,28
2023-04-10,Electronics,212.93,36.65,Regular,8057.67,37
